load,phase,episode,blocking_probability,fragmentation,utilisation,qkd_success_rate,mean_reward,blocked_route,blocked_qc,blocked_cc,blocked_dc,blocked_combination
90,offline,1,0.004,0.37545352096288465,0.06721830609474937,0.996,0.992,0.0,0.0,0.0,0.004,0.0
90,offline,2,0.008,0.34796087553844085,0.06451108870967742,0.992,0.984,0.0,0.0,0.0,0.008,0.0
90,offline,3,0.002,0.3515551546229938,0.06221546101462184,0.998,0.996,0.0,0.0,0.0,0.002,0.0
90,offline,4,0.006,0.37532949260166143,0.065160872643267,0.994,0.988,0.0,0.0,0.0,0.006,0.0
90,offline,5,0.007333333333333333,0.3588137486962132,0.06425845086187598,0.9926666666666667,0.9853333333333333,0.0,0.0,0.0,0.007333333333333333,0.0
90,offline,6,0.005333333333333333,0.355332079168027,0.06299525711200477,0.9946666666666667,0.9893333333333333,0.0,0.0,0.0,0.005333333333333333,0.0
90,offline,7,0.016,0.37368326284626774,0.0662132781918097,0.984,0.968,0.0,0.0,0.0,0.016,0.0
90,offline,8,0.008666666666666666,0.37043922525787276,0.06419299437719495,0.9913333333333333,0.9826666666666667,0.0,0.0,0.0,0.008666666666666666,0.0
90,offline,9,0.007333333333333333,0.3635319135828879,0.06669948837773301,0.9926666666666667,0.9853333333333333,0.0,0.0,0.0,0.007333333333333333,0.0
90,offline,10,0.0033333333333333335,0.35470381923704575,0.06264759847640282,0.9966666666666667,0.9933333333333333,0.0,0.0,0.0,0.0033333333333333335,0.0
90,online,1,0.004666666666666667,0.37214316728484026,0.0643809188248865,0.9953333333333333,0.9906666666666667,0.0,0.0,0.0,0.004666666666666667,0.0
90,online,2,0.008,0.3662354720889041,0.06436705449148745,0.992,0.984,0.0,0.0,0.0,0.008,0.0
90,online,3,0.004,0.3431823007093347,0.06152986947791164,0.996,0.992,0.0,0.0,0.0,0.004,0.0
90,online,4,0.007333333333333333,0.3774981400501725,0.06571576981195433,0.9926666666666667,0.9853333333333333,0.0,0.0,0.0,0.007333333333333333,0.0
90,online,5,0.006666666666666667,0.36143365487627066,0.06378614373601789,0.9933333333333333,0.9866666666666667,0.0,0.0,0.0,0.006666666666666667,0.0
90,online,6,0.0026666666666666666,0.34804317527408357,0.0625875714869281,0.9973333333333333,0.9946666666666667,0.0,0.0,0.0,0.0026666666666666666,0.0
90,online,7,0.012,0.3659528088754393,0.06375920771479981,0.988,0.976,0.0,0.0,0.0,0.012,0.0
90,online,8,0.004666666666666667,0.35352895730886263,0.06289344487236735,0.9953333333333333,0.9906666666666667,0.0,0.0,0.0,0.004666666666666667,0.0
90,online,9,0.013333333333333334,0.3741251603951473,0.06497827515015014,0.9866666666666667,0.9733333333333334,0.0,0.0,0.0,0.013333333333333334,0.0
90,online,10,0.006666666666666667,0.36402711952422284,0.06436063338926173,0.9933333333333333,0.9866666666666667,0.0,0.0,0.0,0.006666666666666667,0.0
90,eval,1,0.004666666666666667,0.362605694360526,0.0653313727952668,0.9953333333333333,0.9906666666666667,0.0,0.0,0.0,0.004666666666666667,0.0
90,eval,2,0.004,0.3475831249282931,0.06254036981258368,0.996,0.992,0.0,0.0,0.0,0.004,0.0
90,eval,3,0.010666666666666666,0.361239120007411,0.06285227613057802,0.9893333333333333,0.9786666666666667,0.0,0.0,0.0,0.010666666666666666,0.0
90,eval,4,0.010666666666666666,0.3711296060620353,0.06659035499026654,0.9893333333333333,0.9786666666666667,0.0,0.0,0.0,0.010666666666666666,0.0
90,eval,5,0.005333333333333333,0.38100178978878046,0.06481356586982424,0.9946666666666667,0.9893333333333333,0.0,0.0,0.0,0.005333333333333333,0.0
120,offline,1,0.036,0.4460784986744948,0.07919564987705546,0.964,0.928,0.0,0.0,0.0,0.036,0.0
120,offline,2,0.03333333333333333,0.4290403920652489,0.07818339319923372,0.9666666666666667,0.9333333333333333,0.0,0.0,0.0,0.03333333333333333,0.0
120,offline,3,0.032,0.4224924627606273,0.07447732533670033,0.968,0.936,0.0,0.0,0.0,0.032,0.0
120,offline,4,0.038,0.4421648511688265,0.07748843795718796,0.962,0.924,0.0,0.0,0.0,0.038,0.0
120,offline,5,0.04066666666666666,0.42753026289237733,0.07636711209559108,0.9593333333333334,0.9186666666666666,0.0,0.0,0.0,0.04066666666666666,0.0
120,offline,6,0.035333333333333335,0.40988009207961507,0.0755144144014436,0.9646666666666667,0.9293333333333333,0.0,0.0,0.0,0.035333333333333335,0.0
120,offline,7,0.04533333333333334,0.4421222537238122,0.07866415221523898,0.9546666666666667,0.9093333333333333,0.0,0.0,0.0,0.04533333333333334,0.0
120,offline,8,0.038,0.4381182999925093,0.07704468891968891,0.962,0.924,0.0,0.0,0.0,0.038,0.0
120,offline,9,0.04133333333333333,0.4420746040063747,0.07772407664966774,0.9586666666666667,0.9173333333333333,0.0,0.0,0.0,0.04133333333333333,0.0
120,offline,10,0.028666666666666667,0.4181915045241071,0.07562905132311448,0.9713333333333334,0.9426666666666667,0.0,0.0,0.0,0.028666666666666667,0.0
120,online,1,0.036,0.4369526382488889,0.07743410942062394,0.964,0.928,0.0,0.0,0.0,0.036,0.0
120,online,2,0.03266666666666666,0.43390947236871974,0.07570011582050694,0.9673333333333334,0.9346666666666666,0.0,0.0,0.0,0.03266666666666666,0.0
120,online,3,0.02666666666666667,0.4105764186588391,0.07397891695205479,0.9733333333333334,0.9466666666666667,0.0,0.0,0.0,0.02666666666666667,0.0
120,online,4,0.030666666666666665,0.4448208242147593,0.07818569224744,0.9693333333333334,0.9386666666666666,0.0,0.0,0.0,0.030666666666666665,0.0
120,online,5,0.034666666666666665,0.4314074848474183,0.07742875709791283,0.9653333333333334,0.9306666666666666,0.0,0.0,0.0,0.034666666666666665,0.0
120,online,6,0.02666666666666667,0.4291452802844425,0.07546123477929984,0.9733333333333334,0.9466666666666667,0.0,0.0,0.0,0.02666666666666667,0.0
120,online,7,0.03866666666666667,0.43074649650608926,0.0765831840422253,0.9613333333333334,0.9226666666666666,0.0,0.0,0.0,0.03866666666666667,0.0
120,online,8,0.03133333333333333,0.420883749184257,0.0756032538043894,0.9686666666666667,0.9373333333333334,0.0,0.0,0.0,0.03133333333333333,0.0
120,online,9,0.05,0.4386482894481351,0.07648200536062379,0.95,0.9,0.0,0.0,0.0,0.05,0.0
120,online,10,0.03333333333333333,0.4373249118364115,0.0770614703065134,0.9666666666666667,0.9333333333333333,0.0,0.0,0.0,0.03333333333333333,0.0
120,eval,1,0.034,0.44596241443104906,0.0776508823134729,0.966,0.932,0.0,0.0,0.0,0.034,0.0
120,eval,2,0.024666666666666667,0.4285123137507621,0.07545499639249639,0.9753333333333334,0.9506666666666667,0.0,0.0,0.0,0.024666666666666667,0.0
120,eval,3,0.030666666666666665,0.4322875954959947,0.07417680393168272,0.9693333333333334,0.9386666666666666,0.0,0.0,0.0,0.030666666666666665,0.0
120,eval,4,0.042666666666666665,0.4530966954594949,0.07969123578226554,0.9573333333333334,0.9146666666666666,0.0,0.0,0.0,0.042666666666666665,0.0
120,eval,5,0.036,0.434370512947904,0.07883735784539726,0.964,0.928,0.0,0.0,0.0,0.036,0.0
150,offline,1,0.076,0.4710916195304702,0.08555700857784192,0.924,0.848,0.0,0.0,0.0,0.076,0.0
150,offline,2,0.08733333333333333,0.46954621613203834,0.08448290773881989,0.9126666666666666,0.8253333333333334,0.0,0.0,0.0,0.08733333333333333,0.0
150,offline,3,0.068,0.47183006023311286,0.0840611960538865,0.932,0.864,0.0,0.0,0.0,0.068,0.0
150,offline,4,0.08333333333333333,0.4871844805529492,0.08646861111111112,0.9166666666666666,0.8333333333333334,0.0,0.0,0.0,0.08333333333333333,0.0
150,offline,5,0.08066666666666666,0.4695817982570075,0.083929389755056,0.9193333333333333,0.8386666666666667,0.0,0.0,0.0,0.08066666666666666,0.0
150,offline,6,0.076,0.4741773553164143,0.08355167498396665,0.924,0.848,0.0,0.0,0.0,0.076,0.0
150,offline,7,0.09533333333333334,0.48109092818276955,0.08559782608695653,0.9046666666666666,0.8093333333333333,0.0,0.0,0.0,0.09533333333333334,0.0
150,offline,8,0.07666666666666666,0.477479073340752,0.08512690533493783,0.9233333333333333,0.8466666666666667,0.0,0.0,0.0,0.07666666666666666,0.0
150,offline,9,0.086,0.49492577129299975,0.08790200279601265,0.914,0.828,0.0,0.0,0.0,0.086,0.0
150,offline,10,0.06733333333333333,0.45393633561805363,0.08422990628226511,0.9326666666666666,0.8653333333333333,0.0,0.0,0.0,0.06666666666666667,0.0006666666666666666
150,online,1,0.07866666666666666,0.48202274307621124,0.0858632693158064,0.9213333333333333,0.8426666666666667,0.0,0.0,0.0,0.07866666666666666,0.0
150,online,2,0.08466666666666667,0.473001191698386,0.085488930869143,0.9153333333333333,0.8306666666666667,0.0,0.0,0.0,0.08466666666666667,0.0
150,online,3,0.05733333333333333,0.4742124511415793,0.08222088391874902,0.9426666666666667,0.8853333333333333,0.0,0.0,0.0,0.05733333333333333,0.0
150,online,4,0.07466666666666667,0.4732472330617491,0.08626006894412423,0.9253333333333333,0.8506666666666667,0.0,0.0,0.0,0.07466666666666667,0.0
150,online,5,0.08266666666666667,0.4812871559365268,0.0853020782864987,0.9173333333333333,0.8346666666666667,0.0,0.0,0.0,0.082,0.0006666666666666666
150,online,6,0.06466666666666666,0.4779003105914687,0.08369266997307358,0.9353333333333333,0.8706666666666667,0.0,0.0,0.0,0.06466666666666666,0.0
150,online,7,0.086,0.4786291508277343,0.08334290663749089,0.914,0.828,0.0,0.0,0.0,0.086,0.0
150,online,8,0.08,0.4766846639093707,0.08535558826489534,0.92,0.84,0.0,0.0,0.0,0.08,0.0
150,online,9,0.09266666666666666,0.4666490382888389,0.08303182912890848,0.9073333333333333,0.8146666666666667,0.0,0.0,0.0,0.09266666666666666,0.0
150,online,10,0.07066666666666667,0.4891772233277907,0.08674877700063764,0.9293333333333333,0.8586666666666667,0.0,0.0,0.0,0.07066666666666667,0.0
150,eval,1,0.07066666666666667,0.4847584352758238,0.08616300763191455,0.9293333333333333,0.8586666666666667,0.0,0.0,0.0,0.07066666666666667,0.0
150,eval,2,0.06466666666666666,0.48485199694389286,0.08453254929912093,0.9353333333333333,0.8706666666666667,0.0,0.0,0.0,0.06466666666666666,0.0
150,eval,3,0.06933333333333333,0.4662498033925406,0.08312961387695002,0.9306666666666666,0.8613333333333333,0.0,0.0,0.0,0.06933333333333333,0.0
150,eval,4,0.09266666666666666,0.4880285163761542,0.08887221660951915,0.9073333333333333,0.8146666666666667,0.0,0.0,0.0,0.09266666666666666,0.0
150,eval,5,0.08333333333333333,0.48645710677666953,0.08554637626262626,0.9166666666666666,0.8333333333333334,0.0,0.0,0.0,0.08333333333333333,0.0
